,Date,sp_Open,sp_High,sp_Low,sp_Close,nd_Open,nd_High,nd_Low,nd_Close,dj_Open,dj_High,dj_Low,dj_Close,ph_Open,ph_High,ph_Low,ph_Close,sp_trend,nd_trend,dj_trend,ph_trend
0,2021-01-04,3764.61,4394.6,4327.22,3700.65,2821.99,12958.72,12543.24,2783.21,30627.47,30674.28,29881.82,30223.89,2821.99,2872.2,2763.09,2783.21,1,1,1,1
1,2021-01-05,3698.02,4456.06,4373.81,3726.86,2783.18,12828.27,12665.65,2837.17,30204.25,30504.89,30141.78,30391.6,2783.18,2838.19,2782.62,2837.17,1,1,1,1
2,2021-01-06,3712.2,4489.55,4429.68,3748.14,2820.86,12909.63,12649.99,2827.96,30362.78,31022.65,30313.07,30829.4,2820.86,2884.61,2803.52,2827.96,1,1,1,1
3,2021-01-07,3764.71,4472.77,4429.28,3803.79,2873.66,13090.91,12867.34,2937.0,30901.18,31193.4,30897.86,31041.13,2873.66,2943.88,2873.17,2937.0,0,1,0,1
4,2021-01-08,3815.05,4426.22,4364.84,3824.68,2982.33,13208.09,13036.55,2936.47,31069.58,31140.67,30793.27,31097.97,2982.33,2994.07,2904.54,2936.47,0,1,0,1
5,2021-01-11,3803.14,4526.33,4401.41,3799.61,2915.14,13138.27,12999.51,2969.92,31015.37,31096.98,30832.06,31008.69,2915.14,2991.6,2914.08,2969.92,0,1,0,1
6,2021-01-12,3801.62,4588.92,4484.31,3801.19,2989.1,13105.04,12963.92,2988.02,31015.01,31114.56,30888.76,31068.69,2989.1,3014.36,2959.92,2988.02,1,1,1,1
7,2021-01-13,3802.23,4590.03,4547.0,3809.84,3019.74,13171.15,13051.06,2991.95,31084.88,31153.37,30992.05,31060.47,3019.74,3020.73,2980.15,2991.95,1,1,1,1
8,2021-01-14,3814.98,4531.32,4465.4,3795.54,3037.42,13220.16,13098.41,3055.64,31085.67,31223.78,30982.24,30991.52,3037.42,3089.71,3029.73,3055.64,1,1,1,1
9,2021-01-15,3788.73,4521.86,4471.47,3768.25,3043.45,13139.83,12949.76,2992.77,30926.77,30941.98,30612.67,30814.26,3043.45,3043.45,2975.96,2992.77,1,1,1,1
10,2021-01-19,3781.88,4539.66,4451.5,3798.91,3041.88,13206.86,13078.7,3093.32,30887.42,31086.62,30865.03,30930.52,3041.88,3097.53,3034.99,3093.32,1,0,1,0
11,2021-01-20,3816.22,4542.88,4470.39,3851.85,3124.03,13486.13,13329.77,3085.04,31017.54,31235.98,30997.79,31188.38,3124.03,3138.56,3077.26,3085.04,0,0,0,0
12,2021-01-21,3857.46,4595.31,4544.32,3853.07,3110.78,13560.35,13454.07,3132.17,31198.01,31272.22,31120.92,31176.01,3110.78,3141.02,3081.9,3132.17,0,0,0,0
13,2021-01-22,3844.24,4550.49,4483.53,3841.47,3098.36,13567.14,13463.66,3074.4,31141.56,31141.56,30908.47,30996.98,3098.36,3116.24,3073.94,3074.4,0,0,0,0
14,2021-01-25,3851.68,4516.89,4414.02,3855.36,3102.93,13728.98,13368.68,3079.21,30989.85,30989.85,30564.06,30960.0,3102.93,3107.82,3023.62,3079.21,0,0,0,0
15,2021-01-26,3862.96,4432.72,4292.46,3849.62,3078.08,13702.69,13603.19,3031.77,30968.55,31121.42,30921.71,30937.04,3078.08,3079.4,3030.0,3031.77,0,1,0,1
16,2021-01-27,3836.83,4428.74,4309.5,3750.77,2941.59,13538.42,13192.91,2875.13,30893.78,30893.78,30206.91,30303.17,2941.59,2961.56,2862.24,2875.13,1,1,1,1
17,2021-01-28,3755.75,4453.23,4304.8,3787.38,2933.12,13507.64,13316.52,2935.12,30377.19,30951.41,30377.19,30603.36,2933.12,2977.53,2909.12,2935.12,1,1,1,1
18,2021-01-29,3778.05,4411.01,4287.11,3714.24,2940.78,13322.0,12985.05,2887.08,30553.91,30553.91,29856.3,29982.62,2940.78,2954.71,2875.12,2887.08,1,1,1,1
19,2021-02-01,3731.17,4417.35,4222.62,3773.86,2938.7,13431.46,13132.47,2999.99,30054.73,30335.91,30014.97,30211.91,2938.7,3006.7,2924.67,2999.99,1,1,1,1
20,2021-02-02,3791.84,4494.52,4395.34,3826.31,3047.38,13652.7,13535.86,3047.33,30276.88,30840.54,30276.88,30687.48,3047.38,3049.3,3005.12,3047.33,1,1,1,1
21,2021-02-03,3840.27,4602.11,4477.95,3830.17,3057.63,13723.83,13585.34,2982.87,30689.65,30793.41,30521.31,30723.6,3057.63,3063.28,2982.48,2982.87,1,1,1,1
22,2021-02-04,3836.66,4611.55,4530.2,3871.74,2966.53,13778.42,13631.62,3008.42,30737.78,31065.96,30737.78,31055.86,2966.53,3010.53,2951.95,3008.42,1,1,1,1
23,2021-02-05,3878.3,4632.24,4568.7,3886.83,3028.02,13878.16,13761.66,2985.01,31093.81,31252.18,31083.22,31148.24,3028.02,3029.48,2982.7,2985.01,1,1,1,1
24,2021-02-08,3892.59,4665.13,4614.75,3915.59,3013.09,13987.74,13894.15,3078.48,31191.2,31386.1,31191.2,31385.76,3013.09,3079.28,3010.71,3078.48,1,1,1,1
25,2021-02-09,3910.49,4744.13,4650.29,3911.23,3070.79,14044.95,13966.55,3064.95,31359.88,31439.47,31245.86,31375.83,3070.79,3089.39,3053.57,3064.95,1,1,1,1
26,2021-02-10,3920.78,4748.83,4706.71,3909.88,3096.01,14109.12,13845.47,3074.86,31428.02,31511.44,31221.32,31437.8,3096.01,3108.92,3035.04,3074.86,1,1,1,1
27,2021-02-11,3916.4,4714.13,4638.27,3916.38,3107.17,14058.91,13916.85,3180.84,31466.49,31543.82,31244.36,31430.7,3107.17,3182.62,3106.15,3180.84,0,1,1,1
28,2021-02-12,3911.65,4673.02,4582.24,3934.83,3172.23,14102.04,13937.71,3219.87,31420.8,31475.31,31347.8,31458.4,3172.23,3226.08,3155.59,3219.87,0,0,1,0
29,2021-02-16,3939.61,4707.95,4662.74,3932.59,3250.56,14175.12,13995.45,3238.92,31472.08,31608.63,31443.48,31522.75,3250.56,3269.02,3222.44,3238.92,0,0,1,0
30,2021-02-17,3918.5,4725.01,4671.26,3931.33,3197.27,13976.43,13804.26,3178.24,31485.61,31643.7,31338.76,31613.02,3197.27,3216.39,3138.05,3178.24,0,1,1,1
31,2021-02-18,3915.86,4797.7,4699.44,3913.97,3142.24,13905.96,13714.35,3146.79,31558.6,31558.6,31285.32,31493.34,3142.24,3160.02,3108.47,3146.79,0,0,0,0
32,2021-02-19,3921.16,4818.62,4774.27,3906.71,3195.06,13985.58,13842.6,3223.46,31504.13,31647.53,31469.34,31494.32,3195.06,3241.71,3188.12,3223.46,0,0,0,0
33,2021-02-22,3885.55,4796.64,4758.17,3876.5,3181.32,13757.06,13530.96,3102.01,31381.12,31653.48,31286.57,31521.69,3181.32,3202.55,3093.58,3102.01,1,1,1,1
34,2021-02-23,3857.07,4786.83,4765.75,3881.37,3041.87,13526.09,13003.98,3083.88,31501.89,31653.38,31158.76,31537.35,3041.87,3105.04,2960.36,3083.88,0,0,0,0
35,2021-02-24,3873.71,4808.93,4775.33,3925.43,3063.17,13607.36,13286.59,3183.74,31499.75,32009.64,31421.29,31961.86,3063.17,3186.12,3037.07,3183.74,0,0,0,0
36,2021-02-25,3915.8,4804.06,4778.08,3829.34,3142.9,13602.86,13066.38,2999.16,31955.94,31984.77,31293.32,31402.01,3142.9,3163.53,2988.43,2999.16,0,0,0,0
37,2021-02-26,3839.66,4807.02,4780.04,3811.15,3041.8,13368.06,13024.53,3067.62,31401.29,31450.89,30911.37,30932.37,3041.8,3096.95,2991.08,3067.62,1,0,1,0
38,2021-03-01,3842.51,4791.49,4733.99,3901.82,3118.43,13596.59,13362.66,3169.11,31065.9,31668.34,31065.9,31535.51,3118.43,3172.42,3093.59,3169.11,0,0,1,0
39,2021-03-02,3903.64,4740.74,4703.96,3870.29,3165.39,13601.33,13352.0,3070.94,31535.37,31623.27,31377.16,31391.52,3165.39,3166.57,3068.25,3070.94,1,0,1,0
40,2021-03-03,3863.99,4697.67,4645.53,3819.72,3068.2,13372.52,12995.07,2975.58,31352.96,31563.31,31260.14,31270.09,3068.2,3079.94,2972.85,2975.58,1,0,1,0
41,2021-03-04,3818.53,4651.14,4583.16,3768.47,2947.91,13068.71,12553.96,2831.63,31289.01,31461.97,30547.53,30924.14,2947.91,2980.08,2793.82,2831.63,1,1,1,1
42,2021-03-05,3793.58,4587.9,4531.1,3841.94,2897.98,12941.21,12397.05,2920.75,31029.18,31580.33,30766.81,31496.3,2897.98,2928.12,2764.82,2920.75,1,1,1,1
43,2021-03-08,3844.39,4666.7,4600.22,3821.35,2905.78,13001.0,12599.23,2762.75,31512.15,32148.04,31512.15,31802.44,2905.78,2923.64,2759.2,2762.75,1,1,1,1
44,2021-03-09,3851.93,4731.99,4651.89,3875.44,2861.05,13151.54,12882.49,2932.21,31892.35,32150.32,31822.64,31832.74,2861.05,2952.12,2853.65,2932.21,1,1,1,1
45,2021-03-10,3891.99,4712.6,4611.22,3898.81,2969.94,13277.11,13035.44,2879.32,31906.96,32389.5,31906.96,32297.02,2969.94,2976.06,2876.18,2879.32,1,1,1,1
46,2021-03-11,3915.54,4660.47,4606.52,3939.34,2965.21,13433.62,13246.33,2997.13,32354.5,32661.59,32345.7,32485.59,2965.21,3015.04,2948.38,2997.13,0,0,1,0
47,2021-03-12,3924.52,4710.3,4667.6,3943.34,2933.8,13324.69,13158.72,2965.09,32462.4,32793.32,32462.4,32778.64,2933.8,2970.11,2924.34,2965.09,0,1,0,1
48,2021-03-15,3942.96,4713.57,4670.24,3968.94,2983.52,13460.35,13272.5,3032.05,32798.84,32973.4,32629.75,32953.46,2983.52,3034.05,2963.69,3032.05,0,1,0,1
49,2021-03-16,3973.59,4695.26,4665.98,3962.71,3058.33,13620.71,13397.08,3070.32,32966.75,32966.75,32778.23,32825.95,3058.33,3116.11,3051.65,3070.32,0,0,0,0
50,2021-03-17,3949.57,4705.06,4674.52,3974.12,3024.82,13595.0,13272.69,3107.92,32825.52,33047.58,32782.18,33015.37,3024.82,3130.02,3004.07,3107.92,0,0,0,0
51,2021-03-18,3953.5,4694.04,4631.97,3915.46,3058.61,13384.46,13101.92,2976.22,32928.16,33227.78,32831.25,32862.3,3058.61,3069.31,2974.73,2976.22,0,0,0,0
52,2021-03-19,3913.14,4612.6,4540.51,3913.1,2976.64,13252.37,13039.45,3011.37,32858.36,32858.36,32505.07,32627.97,2976.64,3039.39,2945.46,3011.37,1,1,1,1
53,2021-03-22,3916.48,4608.03,4495.12,3940.59,3055.41,13455.64,13278.78,3077.55,32601.82,32810.35,32512.53,32731.2,3055.41,3112.44,3040.67,3077.55,1,0,1,0
54,2021-03-23,3937.6,4595.46,4504.73,3910.52,3082.02,13405.15,13202.43,2994.21,32691.5,32753.77,32356.28,32423.15,3082.02,3082.23,2982.21,2994.21,1,1,1,1
55,2021-03-24,3919.93,4652.94,4510.27,3889.14,3049.79,13292.92,12961.35,2953.97,32470.88,32787.99,32418.15,32420.06,3049.79,3057.4,2952.26,2953.97,1,1,1,1
56,2021-03-25,3879.34,4646.02,4560.0,3909.52,2902.43,13021.86,12786.81,2959.88,32346.81,32672.69,32071.41,32619.48,2902.43,2971.76,2881.01,2959.88,1,1,1,1
57,2021-03-26,3917.12,4672.95,4625.26,3974.54,2961.23,13149.55,12878.72,3106.28,32681.07,33098.83,32681.07,33072.88,2961.23,3110.71,2958.8,3106.28,1,1,1,1
58,2021-03-29,3969.31,4664.63,4585.43,3971.09,3077.15,13143.41,12968.16,3054.63,33087.55,33259.0,32905.13,33171.37,3077.15,3085.63,3021.98,3054.63,1,1,1,1
59,2021-03-30,3963.34,4702.87,4659.89,3958.55,3034.8,13075.75,12922.57,3044.55,33127.88,33170.93,32988.92,33066.96,3034.8,3055.75,3013.27,3044.55,1,1,1,1
60,2021-03-31,3967.25,4699.39,4652.66,3972.89,3073.47,13325.54,13118.38,3124.94,33116.04,33173.77,32980.57,32981.55,3073.47,3147.05,3072.54,3124.94,1,1,1,1
61,2021-04-01,3992.78,4743.83,4682.17,4019.87,3187.29,13487.08,13404.18,3240.17,33054.58,33167.17,32985.35,33153.21,3187.29,3242.33,3180.48,3240.17,1,1,1,1
62,2021-04-05,4034.44,4717.75,4694.22,4077.91,3282.91,13720.58,13582.76,3305.43,33222.38,33617.95,33222.38,33527.19,3282.91,3314.16,3255.28,3305.43,1,0,1,0
63,2021-04-06,4075.57,4708.8,4672.78,4073.94,3283.46,13776.71,13674.28,3266.1,33500.02,33544.79,33380.43,33430.24,3283.46,3304.48,3236.86,3266.1,1,0,1,0
64,2021-04-07,4074.29,4701.5,4684.41,4079.95,3259.26,13733.03,13653.59,3266.46,33444.98,33521.76,33347.96,33446.26,3259.26,3281.4,3241.06,3266.46,1,0,1,0
65,2021-04-08,4089.95,4714.95,4679.42,4097.17,3301.42,13830.14,13758.71,3301.26,33469.89,33506.8,33342.64,33503.57,3301.42,3304.54,3274.04,3301.26,1,0,1,0
66,2021-04-09,4096.11,4697.42,4672.86,4128.8,3272.39,13905.41,13748.35,3294.53,33526.19,33810.87,33526.19,33800.6,3272.39,3295.76,3262.93,3294.53,1,0,1,0
67,2021-04-12,4124.71,4688.47,4650.77,4127.99,3273.6,13877.0,13783.95,3258.33,33775.06,33786.19,33665.54,33745.4,3273.6,3274.61,3231.13,3258.33,1,0,1,0
68,2021-04-13,4130.1,4664.55,4648.31,4141.59,3275.52,14011.51,13902.45,3252.7,33721.16,33741.64,33545.84,33677.27,3275.52,3284.85,3223.46,3252.7,0,0,1,0
69,2021-04-14,4141.58,4684.85,4630.86,4124.66,3244.56,14033.63,13839.04,3213.88,33668.95,33911.25,33668.95,33730.89,3244.56,3268.87,3200.46,3213.88,1,0,1,0
70,2021-04-15,4139.76,4708.53,4670.87,4170.42,3250.31,14049.13,13970.42,3271.33,33788.53,34068.73,33788.53,34035.99,3250.31,3276.56,3226.1,3271.33,0,0,0,0
71,2021-04-16,4174.14,4714.92,4694.39,4185.47,3274.15,14062.5,13977.05,3253.08,34058.16,34256.75,34058.16,34200.67,3274.15,3275.59,3248.46,3253.08,0,0,0,0
72,2021-04-19,4179.8,4718.5,4681.32,4163.26,3228.01,14041.79,13842.57,3171.0,34182.38,34182.38,33980.56,34077.63,3228.01,3240.95,3141.2,3171.0,1,1,0,1
73,2021-04-20,4159.18,4683.0,4662.59,4134.94,3158.86,13927.67,13698.67,3121.43,34034.18,34034.18,33687.01,33821.3,3158.86,3171.17,3106.19,3121.43,1,1,1,1
74,2021-04-21,4128.42,4663.46,4621.19,4173.42,3128.23,13951.35,13706.86,3207.25,33808.3,34160.34,33773.8,34137.31,3128.23,3209.28,3113.74,3207.25,1,0,0,0
75,2021-04-22,4170.46,4635.15,4613.34,4134.98,3203.85,14015.87,13771.04,3133.17,34109.88,34126.57,33717.19,33815.9,3203.85,3206.89,3119.01,3133.17,1,1,1,1
76,2021-04-23,4138.78,4620.34,4595.06,4180.17,3147.1,14062.74,13856.83,3196.98,33804.52,34157.57,33713.29,34043.49,3147.1,3207.33,3145.75,3196.98,1,0,0,0
77,2021-04-26,4185.03,4608.08,4567.59,4187.62,3199.51,14154.03,14019.5,3250.26,34044.23,34148.94,33941.37,33981.57,3199.51,3256.17,3195.37,3250.26,1,0,1,0
78,2021-04-27,4188.25,4597.55,4562.84,4186.72,3266.25,14171.24,14064.28,3225.61,33932.13,34043.98,33870.46,33984.93,3266.25,3266.25,3220.34,3225.61,0,0,1,0
79,2021-04-28,4185.14,4584.57,4551.66,4183.18,3208.6,14133.65,14034.7,3178.49,33860.46,33946.6,33805.56,33820.38,3208.6,3208.6,3175.61,3178.49,0,0,1,0
80,2021-04-29,4206.14,4598.53,4569.17,4211.47,3218.36,14211.57,13952.8,3202.5,33855.64,34087.21,33744.28,34060.36,3218.36,3222.29,3153.98,3202.5,0,0,1,0
81,2021-04-30,4198.1,4572.62,4537.36,4181.17,3145.51,14084.76,13941.63,3108.99,33988.75,33988.75,33784.96,33874.85,3145.51,3169.38,3101.38,3108.99,1,1,1,1
82,2021-05-03,4191.98,4559.67,4524.0,4192.66,3130.06,14042.12,13881.51,3073.38,33904.89,34221.06,33904.89,34113.23,3130.06,3134.06,3060.0,3073.38,0,0,1,0
83,2021-05-04,4179.04,4551.44,4526.89,4164.66,3029.3,13795.57,13485.59,3024.31,34080.2,34147.78,33765.68,34133.03,3029.3,3036.1,2969.12,3024.31,0,0,1,0
84,2021-05-05,4177.06,4540.87,4524.4,4167.59,3063.24,13753.05,13553.93,3042.88,34163.99,34331.2,34039.66,34230.34,3063.24,3080.69,3022.7,3042.88,0,0,0,0
85,2021-05-06,4169.14,4520.4,4496.41,4201.62,3032.55,13635.73,13439.39,3066.22,34245.11,34561.29,34185.06,34548.53,3032.55,3068.53,3002.74,3066.22,0,0,0,0
86,2021-05-07,4210.34,4488.75,4447.47,4232.6,3103.95,13828.62,13690.75,3112.03,34578.27,34811.39,34464.31,34777.76,3103.95,3129.87,3085.74,3112.03,0,0,0,0
87,2021-05-10,4228.29,4475.82,4447.69,4188.43,3077.28,13687.93,13401.74,2967.11,34785.27,35091.56,34741.57,34742.82,3077.28,3078.39,2965.42,2967.11,0,0,0,0
88,2021-05-11,4150.34,4439.73,4386.75,4152.1,2876.27,13423.31,13107.67,2976.01,34572.74,34572.74,34075.31,34269.16,2876.27,2982.84,2872.31,2976.01,0,0,0,0
89,2021-05-12,4130.55,4372.87,4329.92,4063.04,2906.44,13288.61,13002.54,2851.15,34206.4,34207.87,33555.22,33587.66,2906.44,2926.86,2842.33,2851.15,1,1,1,1
90,2021-05-13,4074.99,4374.89,4342.09,4112.5,2899.8,13247.87,13007.24,2893.94,33624.74,34181.77,33623.49,34021.45,2899.8,2934.45,2862.88,2893.94,1,1,1,1
91,2021-05-14,4129.58,4415.88,4360.59,4173.85,2932.04,13460.88,13242.97,2981.42,34050.86,34454.05,34050.86,34382.13,2932.04,3006.14,2907.4,2981.42,0,1,0,1
92,2021-05-17,4169.92,4412.02,4386.22,4163.29,2946.81,13399.17,13265.4,2954.63,34375.29,34383.84,34176.65,34327.79,2946.81,2955.61,2904.25,2954.63,1,1,1,1
93,2021-05-18,4165.94,4429.97,4383.73,4127.83,2977.86,13485.34,13299.93,2929.15,34351.18,34408.99,34044.1,34060.66,2977.86,2985.93,2927.34,2929.15,1,1,1,1
94,2021-05-19,4098.45,4365.57,4290.49,4115.68,2864.35,13304.61,13072.23,2987.28,33945.81,33945.81,33473.8,33896.04,2864.35,2989.82,2862.68,2987.28,1,1,1,1
95,2021-05-20,4121.97,4369.23,4309.87,4159.12,3010.79,13563.52,13355.71,3066.11,33906.3,34233.4,33872.41,34084.15,3010.79,3078.3,3009.98,3066.11,1,1,1,1
96,2021-05-21,4168.61,4355.51,4278.94,4155.86,3085.67,13616.58,13463.26,3052.1,34121.91,34415.48,34121.91,34207.84,3085.67,3086.83,3044.9,3052.1,1,1,1,1
97,2021-05-24,4170.16,4375.19,4288.52,4197.05,3082.44,13708.85,13551.01,3122.98,34253.87,34472.51,34253.87,34393.98,3082.44,3141.81,3079.67,3122.98,1,1,1,1
98,2021-05-25,4205.94,4382.55,4306.24,4188.13,3145.67,13751.14,13631.8,3134.67,34428.66,34511.35,34266.03,34312.46,3145.67,3157.79,3117.27,3134.67,1,1,1,1
99,2021-05-26,4191.59,4385.57,4355.08,4195.99,3135.9,13750.16,13679.59,3140.98,34336.34,34409.59,34271.44,34323.05,3135.9,3156.77,3115.22,3140.98,0,0,1,0
100,2021-05-27,4201.94,4419.54,4346.33,4200.88,3134.21,13776.52,13701.63,3159.27,34432.47,34608.82,34389.24,34464.64,3134.21,3170.86,3130.64,3159.27,1,1,1,1
101,2021-05-28,4210.77,4457.3,4436.19,4204.11,3172.52,13820.87,13747.61,3186.56,34558.5,34631.11,34520.09,34529.45,3172.52,3200.35,3163.77,3186.56,1,1,1,1
102,2021-06-01,4216.52,4463.12,4430.27,4202.04,3210.1,13836.17,13678.77,3174.32,34584.19,34849.32,34542.87,34575.31,3210.1,3233.89,3160.35,3174.32,1,0,1,0
103,2021-06-02,4206.82,4465.4,4406.75,4208.12,3167.71,13775.89,13689.74,3196.98,34614.62,34706.65,34545.96,34600.38,3167.71,3206.82,3163.79,3196.98,1,0,0,0
104,2021-06-03,4191.43,4416.75,4367.43,4192.85,3161.13,13684.13,13548.93,3139.19,34550.31,34667.41,34334.41,34577.04,3161.13,3171.78,3126.96,3139.19,1,1,0,1
105,2021-06-04,4206.05,4394.87,4347.96,4229.89,3170.11,13826.82,13692.01,3214.14,34618.69,34772.12,34618.69,34756.39,3170.11,3221.78,3170.11,3214.14,1,0,0,0
106,2021-06-07,4229.34,4402.95,4305.91,4226.52,3199.1,13889.11,13784.89,3191.66,34766.2,34820.91,34574.51,34630.24,3199.1,3205.3,3172.52,3191.66,1,1,0,1
107,2021-06-08,4233.81,4471.52,4427.76,4227.26,3221.45,13981.72,13831.98,3171.22,34645.84,34665.38,34452.94,34599.82,3221.45,3221.45,3150.26,3171.22,1,1,0,1
108,2021-06-09,4232.99,4485.87,4443.8,4219.55,3183.41,14003.5,13906.45,3158.48,34626.16,34654.67,34439.37,34447.14,3183.41,3190.66,3157.82,3158.48,1,1,0,1
109,2021-06-10,4228.56,4486.87,4438.37,4239.18,3165.2,14031.19,13904.4,3196.21,34502.51,34737.79,34447.25,34466.24,3165.2,3205.77,3156.8,3196.21,0,1,0,1
110,2021-06-11,4242.9,4485.68,4435.46,4247.44,3198.89,14069.42,14006.59,3210.06,34499.81,34618.09,34328.65,34479.6,3198.89,3210.27,3186.26,3210.06,0,0,0,0
111,2021-06-14,4248.31,4492.99,4445.7,4255.15,3213.56,14175.45,14056.67,3255.34,34472.52,34472.52,34211.54,34393.75,3213.56,3255.59,3199.97,3255.34,0,0,0,0
112,2021-06-15,4255.28,4520.47,4457.66,4246.59,3248.13,14171.02,14052.16,3225.98,34397.1,34420.38,34199.16,34299.33,3248.13,3265.56,3218.23,3225.98,0,0,0,0
113,2021-06-16,4248.87,4529.9,4492.07,4223.7,3237.01,14129.69,13903.73,3201.01,34308.48,34333.25,33917.11,34033.67,3237.01,3246.32,3173.54,3201.01,1,0,0,0
114,2021-06-17,4220.37,4521.79,4493.95,4221.86,3189.25,14196.21,13998.93,3231.71,34014.38,34091.79,33626.61,33823.45,3189.25,3255.31,3189.13,3231.71,1,1,1,1
115,2021-06-18,4204.78,4535.38,4513.0,4166.45,3205.79,14129.22,14009.04,3152.81,33622.7,33622.7,33271.93,33290.08,3205.79,3210.97,3137.59,3152.81,1,1,1,1
116,2021-06-21,4173.4,4541.45,4521.3,4224.79,3153.2,14150.78,13960.04,3171.99,33312.07,33908.09,33312.07,33876.97,3153.2,3174.87,3132.92,3171.99,1,1,1,1
117,2021-06-22,4224.61,4545.85,4524.66,4246.44,3166.62,14269.77,14121.0,3185.43,33872.56,34040.7,33751.06,33945.58,3166.62,3192.55,3155.08,3185.43,1,1,1,1
118,2021-06-23,4249.27,4537.11,4522.02,4241.84,3191.57,14317.66,14246.3,3197.22,33948.54,34009.4,33869.83,33874.24,3191.57,3214.71,3191.53,3197.22,1,1,1,1
119,2021-06-24,4256.97,4531.39,4515.8,4266.49,3228.71,14414.46,14333.7,3253.8,33933.91,34233.02,33933.91,34196.82,3228.71,3258.44,3226.03,3253.8,1,1,1,1
120,2021-06-25,4274.45,4537.36,4513.76,4280.7,3263.45,14409.08,14337.65,3241.48,34328.1,34501.02,34314.8,34433.84,3263.45,3270.21,3233.65,3241.48,1,1,1,1
121,2021-06-28,4284.9,4513.33,4474.1,4290.61,3274.39,14505.19,14417.2,3323.14,34428.1,34449.65,34186.13,34283.27,3274.39,3333.68,3274.06,3323.14,1,0,1,0
122,2021-06-29,4293.21,4495.9,4468.99,4291.8,3321.55,14535.97,14471.38,3348.87,34338.89,34469.83,34266.83,34292.29,3321.55,3349.99,3304.99,3348.87,1,0,1,0
123,2021-06-30,4290.65,4501.71,4485.66,4297.5,3346.57,14526.81,14478.06,3345.31,34290.74,34553.16,34245.48,34502.51,3346.57,3350.97,3326.08,3345.31,1,0,0,0
124,2021-07-01,4300.73,4492.81,4482.28,4319.94,3336.13,14533.55,14439.4,3295.06,34507.32,34640.28,34498.85,34633.53,3336.13,3340.16,3288.91,3295.06,1,0,1,0
125,2021-07-02,4326.6,4489.88,4450.29,4352.34,3323.16,14649.11,14555.34,3315.83,34642.42,34821.93,34613.49,34786.35,3323.16,3323.6,3289.42,3315.83,1,1,1,1
126,2021-07-06,4356.46,4444.35,4406.8,4343.54,3327.01,14687.0,14529.8,3307.92,34790.16,34814.2,34358.42,34577.37,3327.01,3335.93,3268.14,3307.92,1,0,1,0
127,2021-07-07,4351.01,4418.61,4367.73,4358.13,3331.33,14755.33,14580.79,3261.73,34604.17,34708.78,34435.59,34681.79,3331.33,3331.33,3250.52,3261.73,1,1,1,1
128,2021-07-08,4321.07,4454.32,4397.59,4320.82,3185.54,14610.06,14371.59,3222.81,34569.01,34569.01,34145.59,34421.93,3185.54,3239.37,3172.41,3222.81,1,0,1,0
129,2021-07-09,4329.38,4462.12,4417.83,4369.55,3229.47,14710.2,14552.26,3278.39,34457.51,34893.72,34457.51,34870.16,3229.47,3282.32,3212.71,3278.39,0,0,0,0
130,2021-07-12,4372.41,4480.26,4437.66,4384.63,3292.64,14761.08,14672.63,3319.0,34836.75,35014.9,34730.15,34996.18,3292.64,3319.94,3281.64,3319.0,0,0,0,0
131,2021-07-13,4381.07,4468.37,4460.82,4369.21,3309.59,14803.68,14660.19,3300.81,34959.96,35018.79,34876.89,34888.79,3309.59,3319.1,3289.69,3300.81,0,0,0,0
132,2021-07-14,4380.11,4461.77,4435.96,4374.3,3338.05,14790.55,14632.95,3289.18,34920.83,35069.18,34826.87,34933.23,3338.05,3357.98,3283.69,3289.18,0,0,0,0
133,2021-07-15,4369.02,4449.44,4436.42,4360.03,3271.41,14650.37,14451.8,3217.74,34924.81,34990.41,34762.87,34987.02,3271.41,3272.34,3196.12,3217.74,1,1,0,1
134,2021-07-16,4367.43,4445.21,4430.03,4327.16,3231.1,14623.02,14413.32,3145.45,35007.94,35090.01,34647.82,34687.85,3231.1,3243.82,3141.41,3145.45,1,1,1,1
135,2021-07-19,4296.4,4439.39,4424.74,4258.49,3094.84,14313.6,14178.66,3147.51,34528.48,34528.48,33741.76,33962.04,3094.84,3150.0,3088.33,3147.51,1,1,1,1
136,2021-07-20,4265.11,4440.82,4429.07,4323.06,3155.64,14555.75,14271.23,3190.95,33981.79,34621.79,33981.79,34511.99,3155.64,3212.24,3122.12,3190.95,1,1,1,1
137,2021-07-21,4331.13,4429.76,4408.86,4358.69,3205.94,14633.14,14498.65,3288.75,34556.96,34820.24,34556.96,34798.0,3205.94,3289.2,3204.6,3288.75,1,0,1,0
138,2021-07-22,4361.27,4416.17,4400.23,4367.48,3268.44,14694.19,14617.87,3259.42,34799.68,34879.28,34673.03,34823.35,3268.44,3282.61,3240.66,3259.42,1,1,1,1
139,2021-07-23,4381.2,4423.79,4373.0,4411.79,3273.34,14846.06,14698.77,3280.06,34855.11,35095.33,34855.11,35061.55,3273.34,3281.31,3239.32,3280.06,0,1,0,1
140,2021-07-26,4409.58,4422.18,4384.81,4422.3,3268.67,14863.65,14790.49,3276.92,35055.86,35150.37,34950.19,35144.31,3268.67,3286.86,3256.93,3276.92,0,1,0,1
141,2021-07-27,4416.38,4412.25,4389.65,4401.46,3258.99,14811.08,14503.76,3215.97,35078.9,35078.9,34878.07,35058.52,3258.99,3261.66,3152.58,3215.97,1,1,1,1
142,2021-07-28,4402.95,4429.97,4403.59,4400.64,3230.14,14798.88,14645.63,3272.45,35109.95,35116.37,34876.84,34930.93,3230.14,3283.16,3216.98,3272.45,1,1,0,1
143,2021-07-29,4403.59,4415.47,4387.01,4419.15,3286.36,14833.74,14761.38,3333.24,34985.99,35171.52,34985.99,35084.53,3286.36,3339.87,3280.41,3333.24,1,1,0,1
144,2021-07-30,4395.12,4416.38,4372.51,4395.26,3304.51,14728.78,14615.85,3356.53,35013.26,35106.3,34871.13,34935.47,3304.51,3361.17,3304.51,3356.53,1,1,1,1
145,2021-08-02,4406.86,4422.73,4405.45,4387.16,3388.5,14770.41,14665.67,3377.49,34968.56,35192.11,34808.2,34838.16,3388.5,3420.31,3370.83,3377.49,1,1,1,1
146,2021-08-03,4392.74,4415.18,4381.2,4423.15,3382.12,14762.6,14584.09,3396.66,34864.1,35120.94,34714.33,35116.4,3382.12,3397.79,3340.4,3396.66,1,0,1,0
147,2021-08-04,4415.95,4369.87,4350.06,4402.66,3415.14,14812.37,14734.12,3436.9,35047.44,35047.44,34790.62,34792.67,3415.14,3450.37,3405.71,3436.9,1,0,1,0
148,2021-08-05,4408.86,4359.7,4331.13,4429.1,3447.21,14896.47,14776.03,3424.46,34815.61,35067.54,34815.61,35064.25,3447.21,3451.41,3408.41,3424.46,1,0,1,0
149,2021-08-06,4429.07,4336.84,4262.05,4436.52,3404.4,14890.18,14788.59,3412.05,35077.44,35246.79,35077.44,35208.51,3404.4,3427.57,3403.47,3412.05,1,0,1,0
150,2021-08-09,4437.77,4296.4,4233.13,4432.35,3424.42,14883.81,14802.69,3399.76,35229.67,35229.67,35041.24,35101.85,3424.42,3428.11,3387.57,3399.76,1,0,1,0
151,2021-08-10,4435.79,4375.09,4322.53,4436.75,3406.48,14894.61,14754.48,3358.87,35135.17,35285.16,35091.91,35264.67,3406.48,3409.45,3337.64,3358.87,1,0,1,0
152,2021-08-11,4442.18,4369.02,4340.7,4442.41,3370.39,14842.5,14692.41,3350.93,35300.89,35501.16,35300.89,35484.97,3370.39,3373.39,3310.01,3350.93,0,0,0,0
153,2021-08-12,4446.08,4393.68,4362.36,4460.83,3328.55,14824.31,14698.94,3312.96,35481.94,35510.77,35352.53,35499.85,3328.55,3328.55,3287.04,3312.96,0,0,0,0
154,2021-08-13,4464.84,4392.37,4366.92,4468.0,3308.77,14850.61,14797.22,3335.04,35551.56,35610.57,35474.78,35515.38,3308.77,3337.61,3305.81,3335.04,0,0,0,0
155,2021-08-16,4461.65,4386.68,4364.03,4479.71,3323.77,14794.68,14610.02,3322.64,35490.83,35631.19,35231.87,35625.4,3323.77,3331.74,3298.2,3322.64,0,1,0,1
156,2021-08-17,4462.12,4371.6,4329.38,4448.08,3288.02,14716.95,14550.88,3256.82,35500.01,35500.01,35120.31,35343.28,3288.02,3288.02,3228.89,3256.82,1,1,1,1
157,2021-08-18,4440.94,4330.88,4289.37,4400.27,3245.66,14697.25,14516.3,3208.83,35310.2,35356.8,34943.41,34960.69,3245.66,3269.15,3205.98,3208.83,1,1,1,1
158,2021-08-19,4382.44,4361.88,4329.79,4405.8,3192.23,14610.76,14423.16,3235.87,34874.67,34997.81,34690.25,34894.12,3192.23,3252.63,3166.83,3235.87,1,1,1,1
159,2021-08-20,4410.56,4356.46,4314.37,4441.67,3245.22,14722.16,14571.53,3256.5,34917.96,35177.26,34867.07,35120.08,3245.22,3263.47,3218.55,3256.5,1,1,1,1
160,2021-08-23,4450.29,4355.43,4326.6,4479.53,3287.68,14963.47,14776.98,3342.01,35160.97,35428.91,35160.97,35335.71,3287.68,3346.16,3287.36,3342.01,1,1,1,1
161,2021-08-24,4484.4,4320.66,4300.73,4486.23,3347.83,15034.89,14965.54,3345.39,35382.72,35445.47,35356.18,35366.26,3347.83,3363.42,3338.92,3345.39,1,1,0,1
162,2021-08-25,4490.45,4302.43,4287.96,4496.19,3365.2,15059.43,15011.58,3372.55,35388.77,35501.14,35287.63,35405.5,3365.2,3393.9,3363.25,3372.55,1,1,0,1
163,2021-08-26,4493.75,4300.52,4287.04,4470.0,3368.36,15059.63,14939.56,3370.39,35449.68,35498.45,35205.1,35213.12,3368.36,3385.47,3346.83,3370.39,1,1,1,1
164,2021-08-27,4474.1,4292.14,4274.67,4509.37,3373.5,15144.48,14966.52,3436.45,35231.11,35479.18,35231.11,35455.8,3373.5,3441.78,3373.5,3436.45,1,0,0,0
165,2021-08-30,4513.76,4286.12,4271.16,4528.79,3460.8,15288.08,15165.12,3446.44,35471.8,35510.71,35374.46,35399.84,3460.8,3477.93,3433.88,3446.44,0,0,0,0
166,2021-08-31,4529.75,4271.28,4256.97,4522.68,3446.47,15278.96,15202.67,3417.72,35391.38,35449.79,35289.86,35360.73,3446.47,3446.58,3391.12,3417.72,0,0,0,0
167,2021-09-01,4528.8,4256.6,4241.43,4524.09,3431.0,15379.5,15302.11,3399.95,35387.55,35407.37,35287.05,35312.53,3431.0,3433.01,3398.63,3399.95,0,0,0,0
168,2021-09-02,4534.48,4255.84,4217.27,4536.95,3413.35,15380.07,15285.35,3411.32,35353.06,35475.4,35348.48,35443.82,3413.35,3420.01,3396.95,3411.32,0,1,0,1
169,2021-09-03,4532.42,4226.24,4173.4,4535.43,3405.03,15375.56,15283.67,3430.89,35401.73,35422.71,35269.4,35369.09,3405.03,3445.4,3401.76,3430.89,0,1,0,1
170,2021-09-07,4535.38,4204.78,4164.4,4520.03,3432.2,15403.44,15343.28,3419.73,35373.24,35373.24,35060.9,35100.0,3432.2,3432.99,3401.89,3419.73,0,1,0,1
171,2021-09-08,4518.09,4232.29,4196.05,4514.07,3409.51,15360.35,15206.61,3377.68,35087.45,35175.15,34925.61,35031.07,3409.51,3411.75,3350.26,3377.68,0,1,0,1
172,2021-09-09,4513.02,4251.89,4202.45,4493.28,3381.57,15352.38,15245.17,3390.84,35013.08,35199.89,34847.3,34879.38,3381.57,3410.06,3379.83,3390.84,0,1,0,1
173,2021-09-10,4506.92,4257.16,4238.35,4458.58,3425.37,15349.47,15111.31,3416.66,34949.59,35104.25,34599.61,34607.72,3425.37,3468.68,3415.16,3416.66,0,1,0,1
174,2021-09-13,4474.81,4255.59,4234.07,4468.73,3450.58,15215.44,15030.85,3449.68,34665.5,34939.1,34665.5,34869.63,3450.58,3458.07,3405.34,3449.68,0,0,0,0
175,2021-09-14,4479.33,4248.38,4232.25,4443.05,3464.71,15181.19,15008.3,3449.39,34906.9,34990.36,34510.3,34577.57,3464.71,3475.78,3433.51,3449.39,0,0,0,0
176,2021-09-15,4447.49,4249.74,4220.34,4480.7,3451.24,15174.38,14984.68,3465.76,34580.95,34880.77,34522.03,34814.39,3451.24,3466.52,3421.56,3465.76,0,0,0,0
177,2021-09-16,4477.09,4237.09,4218.74,4473.75,3437.28,15205.5,15047.14,3473.6,34810.27,34943.55,34540.11,34751.32,3437.28,3484.19,3427.85,3473.6,0,0,1,0
178,2021-09-17,4469.74,4236.74,4208.41,4432.99,3457.77,15166.56,14998.73,3421.16,34737.86,34779.86,34519.63,34584.88,3457.77,3457.77,3403.14,3421.16,1,1,1,1
179,2021-09-20,4402.95,4232.34,4215.66,4357.73,3341.28,14841.82,14530.07,3338.23,34459.72,34459.72,33613.03,33970.47,3341.28,3360.03,3289.41,3338.23,1,1,1,1
180,2021-09-21,4374.45,4233.45,4206.05,4354.19,3363.35,14847.03,14696.47,3345.03,34025.61,34313.88,33914.02,33919.84,3363.35,3368.38,3313.85,3345.03,0,0,1,0
181,2021-09-22,4367.43,4204.39,4167.93,4395.64,3374.23,14950.12,14767.01,3412.02,34006.87,34440.42,34006.87,34258.32,3374.23,3420.74,3357.62,3412.02,0,0,1,0
182,2021-09-23,4406.75,4217.37,4198.27,4448.98,3426.28,15085.44,14932.51,3457.45,34296.3,34879.78,34296.3,34764.82,3426.28,3468.74,3418.0,3457.45,0,0,0,0
183,2021-09-24,4438.04,4234.12,4197.59,4455.48,3431.14,15067.56,14946.57,3453.92,34762.31,34857.06,34648.08,34798.0,3431.14,3461.28,3426.08,3453.92,0,0,0,0
184,2021-09-27,4442.12,4218.36,4203.57,4443.11,3418.12,15003.16,14864.96,3445.44,34739.27,35061.12,34739.27,34869.37,3418.12,3458.23,3399.08,3445.44,0,0,0,0
185,2021-09-28,4419.54,4213.38,4197.78,4352.63,3378.11,14817.74,14539.88,3314.39,34747.7,34798.21,34254.65,34299.99,3378.11,3398.1,3313.75,3314.39,0,0,1,0
186,2021-09-29,4362.41,4202.61,4184.11,4359.46,3318.33,14676.62,14493.67,3263.84,34360.08,34580.42,34305.96,34390.72,3318.33,3329.89,3257.21,3263.84,1,0,1,0
187,2021-09-30,4370.67,4213.42,4182.52,4307.54,3293.73,14632.36,14444.3,3258.09,34467.98,34557.37,33833.32,33843.92,3293.73,3311.41,3257.74,3258.09,1,1,1,1
188,2021-10-01,4317.16,4209.52,4170.16,4357.04,3275.28,14606.82,14324.01,3261.18,33930.7,34490.56,33785.54,34326.46,3275.28,3277.58,3208.55,3261.18,1,0,1,0
189,2021-10-04,4348.84,4188.72,4151.72,4300.46,3240.9,14499.74,14181.69,3180.06,34312.96,34410.28,33821.58,34002.92,3240.9,3246.42,3170.47,3180.06,1,1,1,1
190,2021-10-05,4309.87,4172.8,4121.97,4345.72,3204.73,14508.65,14299.78,3227.25,34035.25,34490.95,34035.25,34314.67,3204.73,3249.01,3191.15,3227.25,1,0,1,0
191,2021-10-06,4319.57,4116.93,4061.41,4363.55,3191.51,14509.55,14259.07,3238.79,34198.96,34432.68,33854.69,34416.99,3191.51,3242.38,3182.62,3238.79,1,0,0,0
192,2021-10-07,4383.73,4169.15,4125.99,4399.76,3281.02,14755.72,14615.14,3274.48,34509.72,34975.19,34509.72,34754.94,3281.02,3319.38,3271.19,3274.48,1,1,1,1
193,2021-10-08,4406.51,4171.92,4142.69,4391.34,3288.58,14699.91,14569.68,3246.27,34757.57,34842.62,34661.95,34746.25,3288.58,3289.5,3241.87,3246.27,1,1,1,1
194,2021-10-11,4385.44,4183.13,4129.58,4361.19,3232.82,14665.99,14482.62,3221.23,34723.79,34951.35,34486.51,34496.06,3232.82,3274.4,3219.95,3221.23,1,1,1,1
195,2021-10-12,4368.31,4131.58,4074.99,4350.65,3240.78,14552.71,14441.6,3178.15,34507.15,34611.24,34318.94,34378.34,3240.78,3242.89,3165.35,3178.15,1,1,1,1
196,2021-10-13,4358.01,4134.73,4056.88,4363.8,3203.66,14589.28,14471.88,3192.75,34372.71,34449.83,34115.1,34377.81,3203.66,3211.97,3183.5,3192.75,1,1,1,1
197,2021-10-14,4386.75,4162.04,4111.53,4438.26,3245.87,14827.56,14699.52,3291.24,34443.22,34923.83,34443.22,34912.56,3245.87,3292.09,3243.15,3291.24,1,1,1,1
198,2021-10-15,4447.69,4236.39,4188.13,4471.37,3316.54,14904.98,14847.96,3314.41,35023.63,35320.97,35023.63,35294.76,3316.54,3325.31,3299.55,3314.41,1,1,1,1
199,2021-10-18,4463.72,4238.04,4201.64,4486.46,3287.42,15026.68,14833.28,3338.78,35221.02,35327.57,35035.94,35258.61,3287.42,3340.84,3276.7,3338.78,1,1,1,1
200,2021-10-19,4497.34,4202.7,4147.33,4519.63,3343.13,15137.85,15049.73,3381.45,35325.37,35462.68,35290.12,35457.31,3343.13,3381.7,3331.99,3381.45,1,1,1,1
201,2021-10-20,4524.42,4187.72,4160.94,4536.19,3380.38,15178.39,15071.15,3374.22,35475.16,35669.69,35465.71,35609.34,3380.38,3387.98,3363.34,3374.22,1,0,0,0
202,2021-10-21,4532.24,4179.04,4128.59,4549.78,3353.95,15222.25,15094.14,3412.05,35520.32,35612.36,35442.53,35603.08,3353.95,3414.98,3353.87,3412.05,1,1,1,1
203,2021-10-22,4546.12,4209.39,4188.03,4544.9,3393.14,15193.01,15021.02,3370.28,35607.72,35765.02,35533.95,35677.02,3393.14,3427.13,3366.63,3370.28,1,1,1,1
204,2021-10-25,4553.69,4198.1,4174.85,4566.48,3384.94,15259.63,15070.75,3392.39,35692.62,35787.04,35629.37,35741.15,3384.94,3412.4,3377.97,3392.39,1,1,1,1
205,2021-10-26,4578.69,4218.78,4176.81,4574.79,3420.33,15384.0,15198.23,3392.96,35791.05,35892.92,35734.73,35756.88,3420.33,3427.9,3381.15,3392.96,1,1,1,1
206,2021-10-27,4580.22,4201.53,4181.78,4551.68,3365.11,15364.54,15235.84,3360.29,35835.43,35835.43,35490.43,35490.69,3365.11,3399.13,3353.78,3360.29,1,1,1,1
207,2021-10-28,4562.84,4193.35,4176.22,4596.42,3406.3,15452.3,15290.31,3438.83,35545.41,35742.25,35545.41,35730.48,3406.3,3440.58,3402.97,3438.83,1,1,1,1
208,2021-10-29,4572.87,4194.19,4182.36,4605.38,3407.48,15504.12,15323.29,3451.27,35712.28,35852.53,35633.2,35819.56,3407.48,3452.83,3404.15,3451.27,1,1,1,1
209,2021-11-01,4610.62,4194.17,4138.78,4613.67,3459.57,15598.95,15470.82,3506.28,35833.65,36009.74,35797.97,35913.84,3459.57,3507.56,3451.68,3506.28,1,1,1,1
210,2021-11-02,4613.34,4179.57,4123.69,4630.65,3510.25,15656.6,15569.27,3548.86,35935.11,36088.81,35884.13,36052.63,3510.25,3549.76,3510.25,3548.86,1,1,1,1
211,2021-11-03,4630.65,4175.02,4126.35,4660.57,3552.71,15821.57,15616.44,3590.17,36059.09,36178.51,35891.73,36157.58,3552.71,3592.76,3540.0,3590.17,0,1,0,1
212,2021-11-04,4662.93,4159.18,4118.38,4680.06,3633.11,15966.09,15827.66,3715.76,36107.46,36168.03,35986.48,36124.23,3633.11,3728.08,3617.09,3715.76,0,1,0,1
213,2021-11-05,4699.26,4180.81,4150.47,4697.53,3738.89,16053.39,15900.78,3756.55,36268.75,36484.75,36190.2,36327.95,3738.89,3789.59,3725.32,3756.55,0,1,0,1
214,2021-11-08,4701.48,4191.31,4170.75,4701.7,3781.13,16038.23,15961.81,3803.33,36416.46,36565.73,36334.42,36432.22,3781.13,3824.32,3766.48,3803.33,0,0,0,0
215,2021-11-09,4707.25,4173.49,4139.76,4685.25,3830.77,16035.21,15836.68,3800.57,36404.53,36416.98,36173.07,36319.98,3830.77,3838.62,3767.03,3800.57,1,1,0,1
216,2021-11-10,4670.26,4151.69,4120.87,4646.71,3727.59,15867.24,15543.68,3693.02,36299.25,36346.61,36009.5,36079.94,3727.59,3783.06,3676.62,3693.02,1,1,0,1
217,2021-11-11,4659.39,4148.0,4124.43,4649.27,3740.36,15768.03,15695.77,3764.49,36038.78,36108.17,35915.27,35921.23,3740.36,3772.07,3723.17,3764.49,1,1,0,1
218,2021-11-12,4655.24,4131.76,4114.82,4682.85,3770.52,15874.57,15705.38,3794.5,35963.78,36147.63,35934.59,36100.31,3770.52,3812.34,3754.67,3794.5,1,1,0,1
219,2021-11-15,4689.3,4129.48,4095.51,4682.8,3817.1,15918.45,15778.31,3793.75,36128.83,36236.07,36031.78,36087.45,3817.1,3823.62,3760.1,3793.75,1,1,0,1
220,2021-11-16,4679.42,4098.19,4082.54,4700.9,3781.91,15989.61,15825.0,3859.4,36076.18,36316.61,36076.18,36142.22,3781.91,3866.73,3774.07,3859.4,0,0,0,0
221,2021-11-17,4701.5,4083.13,4068.31,4688.67,3851.31,15998.57,15909.39,3831.44,36159.7,36159.7,35909.48,35931.05,3851.31,3856.5,3813.58,3831.44,1,1,0,1
222,2021-11-18,4700.72,4086.23,4068.14,4704.54,3904.29,16010.88,15848.83,3899.96,35901.69,35952.63,35654.39,35870.95,3904.29,3916.92,3861.94,3899.96,0,0,0,0
223,2021-11-19,4708.44,4083.42,4034.44,4697.96,3895.65,16121.12,16017.23,3912.02,35879.09,35879.09,35555.37,35601.98,3895.65,3936.99,3879.86,3912.02,0,0,0,0
224,2021-11-22,4712.0,4020.63,3992.78,4682.94,3928.0,16212.23,15851.04,3847.12,35631.41,35929.66,35615.55,35619.25,3928.0,3982.12,3843.89,3847.12,0,0,0,0
225,2021-11-23,4678.48,3994.41,3966.98,4690.7,3836.69,15895.86,15601.46,3834.43,35619.92,35841.52,35542.87,35813.8,3836.69,3869.86,3773.44,3834.43,0,0,0,0
226,2021-11-24,4675.78,3968.01,3944.35,4701.46,3800.05,15848.56,15591.36,3870.01,35752.31,35825.47,35591.03,35804.38,3800.05,3871.59,3765.69,3870.01,0,0,0,0
227,2021-11-26,4664.63,3981.83,3943.25,4594.62,3799.55,15731.54,15456.09,3757.13,35366.69,35366.69,34749.8,34899.34,3799.55,3833.05,3735.93,3757.13,0,1,0,1
228,2021-11-29,4628.75,3978.19,3917.12,4655.27,3827.41,15833.11,15644.61,3910.54,35017.71,35287.91,34895.89,35135.94,3827.41,3914.7,3806.36,3910.54,0,0,1,0
229,2021-11-30,4640.25,3919.54,3853.5,4567.0,3893.01,15828.2,15451.39,3833.22,35056.99,35056.99,34424.44,34483.72,3893.01,3924.79,3804.6,3833.22,1,1,1,1
230,2021-12-01,4602.82,3942.08,3889.07,4513.04,3896.09,15816.82,15243.93,3810.75,34678.94,35004.64,34006.98,34022.04,3896.09,3958.72,3806.33,3810.75,1,1,1,1
231,2021-12-02,4504.73,3949.13,3901.57,4577.1,3758.2,15444.54,15150.12,3810.82,34076.25,34759.65,34076.25,34639.79,3758.2,3838.64,3742.54,3810.82,1,1,1,1
232,2021-12-03,4589.49,3955.31,3914.16,4538.43,3874.52,15470.36,14931.06,3804.54,34692.78,34801.31,34264.57,34580.08,3874.52,3902.86,3762.07,3804.54,1,1,1,1
233,2021-12-06,4548.37,3930.12,3886.75,4591.67,3797.59,15281.99,14931.61,3800.07,34633.43,35356.75,34633.43,35227.03,3797.59,3814.33,3687.87,3800.07,1,1,1,1
234,2021-12-07,4631.97,3969.62,3910.86,4686.75,3892.32,15720.09,15507.66,3988.75,35423.99,35819.47,35423.99,35719.43,3892.32,4002.16,3892.32,3988.75,0,0,0,0
235,2021-12-08,4690.86,3983.87,3935.74,4701.21,3954.26,15792.64,15618.88,3964.44,35716.85,35840.52,35602.65,35754.75,3954.26,3973.42,3928.16,3964.44,1,0,1,0
236,2021-12-09,4691.0,3981.04,3953.44,4667.45,3936.34,15796.05,15511.12,3879.52,35722.26,35864.24,35577.14,35754.69,3936.34,3981.94,3877.08,3879.52,1,0,1,0
237,2021-12-10,4687.64,3970.08,3923.54,4712.02,3952.4,15677.6,15477.85,3914.67,35830.55,35982.69,35710.43,35970.99,3952.4,3967.98,3871.89,3914.67,0,0,0,0
238,2021-12-13,4710.3,3944.99,3915.21,4668.97,3931.03,15637.06,15408.25,3814.43,35958.93,35958.93,35609.53,35650.95,3931.03,3936.71,3811.05,3814.43,0,0,0,0
239,2021-12-14,4642.99,3960.27,3915.54,4634.09,3768.06,15317.55,15097.35,3794.41,35605.73,35779.47,35441.74,35544.18,3768.06,3814.62,3746.44,3794.41,1,1,0,1
240,2021-12-15,4636.46,3917.35,3885.73,4709.85,3805.41,15575.76,15055.23,3934.46,35549.35,35943.84,35389.3,35927.43,3805.41,3939.86,3757.28,3934.46,0,0,0,0
241,2021-12-16,4719.13,3903.76,3851.93,4668.67,3961.55,15633.19,15119.49,3766.32,36036.28,36189.83,35778.21,35897.64,3961.55,3961.99,3748.13,3766.32,1,1,1,1
242,2021-12-17,4652.5,3881.06,3819.25,4620.64,3733.66,15288.78,14960.37,3761.04,35800.11,35800.11,35284.26,35365.44,3733.66,3814.83,3721.17,3761.04,1,1,1,1
243,2021-12-20,4587.9,3851.69,3730.19,4568.02,3707.4,15007.3,14860.04,3732.39,35222.12,35222.12,34665.5,34932.16,3707.4,3755.37,3689.38,3732.39,1,1,1,1
244,2021-12-21,4594.96,3843.67,3723.34,4649.23,3818.57,15349.06,15015.03,3857.3,35069.5,35508.96,35069.5,35492.7,3818.57,3861.77,3760.06,3857.3,1,1,1,1
245,2021-12-22,4650.36,3874.47,3818.86,4696.56,3836.54,15525.97,15303.06,3891.92,35491.71,35764.67,35433.13,35753.89,3836.54,3892.77,3817.22,3891.92,1,1,1,1
246,2021-12-23,4703.96,3906.41,3868.57,4725.79,3906.82,15697.98,15528.91,3932.39,35782.42,36060.99,35782.42,35950.56,3906.82,3955.54,3906.82,3932.39,1,1,1,1
247,2021-12-27,4733.99,3914.5,3842.51,4791.19,3945.99,15871.4,15696.83,4039.51,35954.48,36306.61,35954.48,36302.38,3945.99,4040.63,3945.99,4039.51,1,0,1,0
248,2021-12-28,4795.49,3861.08,3789.54,4786.35,4052.83,15901.47,15757.07,3992.19,36302.99,36527.26,36302.99,36398.21,4052.83,4054.99,3977.72,3992.19,1,1,1,1
249,2021-12-29,4788.64,3925.02,3814.04,4793.06,3995.46,15821.81,15679.85,3999.35,36421.14,36571.55,36396.19,36488.63,3995.46,4023.99,3979.19,3999.35,0,0,0,0
250,2021-12-30,4794.23,3928.65,3859.6,4778.73,3996.44,15868.09,15729.16,3952.04,36522.48,36679.44,36372.13,36398.08,3996.44,4008.69,3945.76,3952.04,0,0,0,0
251,2021-12-31,4775.21,3895.98,3805.59,4766.18,3960.46,15777.43,15643.94,3946.17,36385.85,36484.94,36303.97,36338.3,3960.46,3987.55,3944.82,3946.17,0,0,0,0
252,2022-01-03,4778.14,3902.92,3874.71,4796.56,3974.31,15832.8,15644.09,4027.22,36321.59,36595.82,36246.45,36585.06,3974.31,4027.9,3961.29,4027.22,0,0,0,0
253,2022-01-04,4804.51,3930.41,3903.07,4793.54,4045.37,15852.14,15512.41,4009.0,36636.0,36934.84,36636.0,36799.65,4045.37,4068.15,3918.41,4009.0,0,0,0,0
254,2022-01-05,4787.99,3921.98,3885.03,4700.58,3988.6,15586.3,15095.18,3879.87,36722.6,36952.65,36400.39,36407.11,3988.6,4020.5,3876.84,3879.87,1,1,0,1
255,2022-01-06,4693.39,3933.61,3900.43,4696.05,3872.4,15198.45,14914.87,3909.04,36409.05,36464.19,36200.68,36236.47,3872.4,3926.99,3839.08,3909.04,0,0,0,0
256,2022-01-07,4697.66,3950.43,3923.85,4677.03,3912.19,15171.02,14877.63,3796.32,36249.59,36382.84,36111.53,36231.66,3912.19,3917.82,3786.43,3796.32,0,1,0,1
257,2022-01-10,4655.34,3937.23,3905.78,4670.29,3738.19,14953.85,14530.23,3805.39,36175.21,36175.21,35639.91,36068.87,3738.19,3810.3,3676.77,3805.39,0,0,0,0
258,2022-01-11,4669.14,3925.99,3890.39,4713.07,3785.58,15158.71,14837.63,3875.44,36058.85,36271.47,35769.38,36252.02,3785.58,3879.0,3767.82,3875.44,0,0,0,0
259,2022-01-12,4728.59,3931.5,3884.94,4726.35,3915.61,15319.03,15117.29,3901.21,36336.16,36453.49,36168.15,36290.32,3915.61,3937.96,3866.15,3901.21,0,0,0,0
260,2022-01-13,4733.56,3918.35,3902.64,4659.03,3971.17,15259.71,14782.24,3811.84,36312.49,36513.88,36044.22,36113.62,3971.17,3992.23,3801.43,3811.84,0,0,0,0
261,2022-01-14,4637.99,3915.77,3892.59,4662.85,3783.1,14897.68,14689.43,3900.61,35996.43,35996.43,35641.49,35911.81,3783.1,3903.05,3783.1,3900.61,0,0,0,0
262,2022-01-18,4632.24,3894.56,3874.93,4577.11,3840.78,14740.54,14482.94,3727.24,35661.76,35661.76,35262.02,35368.47,3840.78,3840.95,3720.16,3727.24,0,0,0,0
263,2022-01-19,4588.03,3872.42,3836.66,4532.76,3763.25,14658.89,14331.65,3612.19,35412.3,35547.83,35015.49,35028.65,3763.25,3777.9,3610.48,3612.19,0,0,0,0
264,2022-01-20,4547.35,3847.51,3816.68,4482.73,3638.15,14642.03,14140.78,3494.75,35102.66,35490.2,34670.12,34715.39,3638.15,3666.62,3493.1,3494.75,0,0,0,0
265,2022-01-21,4471.38,3843.09,3791.84,4397.94,3466.19,14171.72,13764.24,3434.79,34701.69,34896.67,34229.55,34265.37,3466.19,3567.1,3429.88,3434.79,1,0,1,0
266,2022-01-24,4356.32,3784.32,3725.62,4410.13,3363.4,13876.61,13094.65,3479.95,34070.61,34420.99,33150.33,34364.5,3363.4,3483.49,3257.46,3479.95,1,1,1,1
267,2022-01-25,4366.64,3778.05,3694.12,4356.45,3387.94,13781.62,13414.14,3350.85,34186.64,34591.04,33545.52,34297.73,3387.94,3432.21,3335.7,3350.85,1,1,1,1
268,2022-01-26,4408.43,3830.5,3755.75,4349.93,3447.31,14002.65,13392.19,3407.0,34520.82,34815.67,33876.48,34168.09,3447.31,3540.52,3357.11,3407.0,1,1,1,1
269,2022-01-27,4380.58,3836.83,3732.48,4326.51,3422.91,13765.91,13322.66,3244.0,34261.75,34773.32,34007.78,34160.78,3422.91,3422.91,3236.2,3244.0,1,1,1,1
270,2022-01-28,4336.19,3870.9,3847.78,4431.85,3237.49,13771.91,13236.56,3303.4,34135.24,34731.77,33807.51,34725.47,3237.49,3304.17,3147.48,3303.4,1,1,1,1
271,2022-01-31,4431.79,3859.23,3797.16,4515.55,3332.13,14242.9,13767.71,3483.21,34691.17,35148.14,34496.1,35131.86,3332.13,3484.71,3304.88,3483.21,0,0,0,0
272,2022-02-01,4519.57,3852.31,3830.41,4546.54,3504.66,14358.69,14070.77,3510.86,35151.47,35441.09,34977.95,35405.24,3504.66,3515.48,3422.36,3510.86,0,1,1,1
273,2022-02-02,4566.39,3861.45,3845.05,4589.38,3578.42,14504.82,14264.65,3597.17,35378.19,35679.2,35290.12,35629.33,3578.42,3601.22,3526.96,3597.17,0,1,1,1
274,2022-02-03,4535.41,3859.75,3816.22,4477.44,3510.25,14207.89,13851.74,3432.55,35520.08,35535.94,35071.06,35111.16,3510.25,3559.2,3425.19,3432.55,1,1,1,1
275,2022-02-04,4482.79,3804.53,3780.37,4500.53,3420.43,14222.76,13850.39,3453.07,35095.74,35333.55,34799.08,35089.74,3420.43,3481.66,3374.5,3453.07,0,0,0,0
276,2022-02-07,4505.75,3788.73,3749.62,4483.87,3470.49,14236.31,13974.1,3452.33,35108.38,35325.01,34993.98,35091.13,3470.49,3507.53,3440.25,3452.33,0,0,0,0
277,2022-02-08,4480.02,3823.6,3792.86,4521.54,3443.2,14226.48,13934.78,3535.13,35160.68,35544.89,35090.42,35462.78,3443.2,3545.13,3433.85,3535.13,0,1,0,1
278,2022-02-09,4547.0,3820.96,3791.5,4587.18,3590.7,14490.72,14330.87,3653.72,35614.9,35824.28,35614.9,35768.06,3590.7,3655.28,3543.72,3653.72,0,0,0,0
279,2022-02-10,4553.24,3810.78,3776.51,4504.08,3569.15,14509.56,14118.2,3536.1,35630.81,35800.24,35100.72,35241.59,3569.15,3674.37,3520.52,3536.1,0,0,0,0
280,2022-02-11,4506.27,3817.86,3789.02,4418.64,3552.73,14246.7,13733.16,3365.25,35267.89,35431.15,34620.52,34738.06,3552.73,3568.83,3341.78,3365.25,0,1,0,1
281,2022-02-14,4412.61,3826.69,3783.6,4401.67,3376.12,13921.71,13664.76,3370.2,34694.5,34744.56,34304.28,34566.17,3376.12,3433.08,3324.55,3370.2,0,0,0,0
282,2022-02-15,4429.28,3811.55,3764.71,4471.07,3439.1,14142.49,13976.29,3554.45,34686.19,35047.79,34686.19,34988.84,3439.1,3559.77,3433.0,3554.45,0,0,0,0
283,2022-02-16,4455.75,3783.04,3705.34,4475.01,3511.21,14163.73,13931.99,3555.69,34951.83,35042.09,34642.64,34934.27,3511.21,3567.0,3480.87,3555.69,0,0,0,0
284,2022-02-17,4456.06,3737.83,3695.07,4380.26,3509.09,14020.82,13704.7,3422.6,34858.47,34858.47,34246.23,34312.03,3509.09,3512.04,3420.85,3422.6,0,0,0,0
285,2022-02-18,4384.57,3769.99,3662.71,4348.87,3429.42,13762.4,13465.56,3384.3,34310.45,34423.58,33976.18,34079.18,3429.42,3432.38,3336.0,3384.3,0,0,0,0
